{"stats":{"minecraft:custom":{"minecraft:jump":15,"minecraft:time_since_rest":3441,"minecraft:damage_dealt":15,"minecraft:leave_game":1,"minecraft:sprint_one_cm":408,"minecraft:play_time":3441,"minecraft:time_since_death":3441,"minecraft:walk_one_cm":2321,"minecraft:sneak_time":65,"minecraft:total_world_time":10155,"minecraft:fly_one_cm":5467},"minecraft:used":{"minecraft:smithing_table":1,"minecraft:cartography_table":1,"minecraft:lectern":1,"minecraft:villager_spawn_egg":3}},"DataVersion":3465}